Clade.name,Clade.age,N.tips,Clade.size,study_code,tree_file,neglnL,lambda,mu,net.div,turn,ef,lambda_lower,mu_lower,net.div_lower,turn_lower,ef_lower,lambda_upper,mu_upper,net.div_upper,turn_upper,ef_upper,tot_bl
Viperidae,49.7,263,329,A2016.cr.pr,henaodiaz_etal_trees-master//phylo_A2016.cr.pr_.txt,888.5016786,0.100609804,2.46596656502068e-15,0.100609804,0.100609804,2.45102014998002e-14,0.075103955,2.1659727609524e-15,0.06183765,0.088370261,2.45102e-14,0.13279492,0.019935417,0.13279492,0.13279492,0.176639239,2927.883443
Costaceae,49.4,75,139,A2017.tr.pr,henaodiaz_etal_trees-master//phylo_A2017.tr.pr_.txt,246.3962288,0.187090272,0.103559724,0.083530548,0.290649996,0.553528108,0.059464822,0.000319423,0.007680339,0.111249305,0.002879506,0.559720893,0.261289893,0.558109173,0.561332613,0.870842306,786.2534434
Hordeum,9.2,21,33,B2015.pr,henaodiaz_etal_trees-master//phylo_B2015.pr_.txt,34.60008516,1.197513128,1.126939894,0.070573234,2.324453022,0.941066839,0.286513127,0.132258061,-0.702287355,0.652040834,0.25444872,4.619867165,3.248836903,3.44434788,5.79538645,1.275779969,49.05599975
Onthophagus,37.6,66,68,B2016.cr.pr,henaodiaz_etal_trees-master//phylo_B2016.cr.pr_.txt,249.3268012,0.056062985,2.72913381518629e-08,0.056062958,0.056063012,4.86797807127459e-07,0.036877578,2.20375220216154e-08,0.028484752,0.045270403,4.867978e-07,0.082138142,0.015227862,0.082138102,0.082138182,0.227586148,1164.414222
Actinopterygii,114.6,1982,27681,BR2017.cr.pr,henaodiaz_etal_trees-master//phylo_BR2017.cr.pr_.txt,4392.386223,0.735679104,0.688019368,0.047659735,1.423698472,0.935216679,0.620768166,0.578129343,0.033933202,1.207603131,0.918432751,0.843481772,0.786346636,0.068800488,1.618163055,0.945336756,28127.81301
Ovalentaria,72.8,103,352,C2015,henaodiaz_etal_trees-master//phylo_C2015_.txt,385.1588576,0.240345698,0.190228173,0.050117526,0.430573871,0.791477335,0.118610732,0.078264652,0.008468444,0.228753021,0.520071108,0.460409705,0.336973409,0.22096392,0.699855491,0.928603053,1690.903379
Coronellini,24.6,70,88,C2017.tr.cr.pr,henaodiaz_etal_trees-master//phylo_C2017.tr.cr.pr_.txt,212.2105724,0.133851407,1.07795706692281e-15,0.133851407,0.133851407,8.05338611745513e-15,0.07667454,9.0463746472578e-16,0.041019004,0.112330076,8.053386e-15,0.263041537,0.083493997,0.263041537,0.263041537,0.465024453,574.8470544
Grallariidae,28,16,53,C2018.cr.pr,henaodiaz_etal_trees-master//phylo_C2018.cr.pr_.txt,51.8391356,0.114176258,2.76069712316014e-15,0.114176258,0.114176258,2.41792573342527e-14,0.058061848,2.76069742800901e-15,0.001947438,0.114176258,2.417926e-14,0.764648591,0.375803213,0.764648591,0.764648591,0.96645925,223.6095404
Orthorrhapha,20.5,16,8116,D2017.cr,henaodiaz_etal_trees-master//phylo_D2017.cr_.txt,47.66437827,9.406673134,9.190139409,0.216533725,18.59681254,0.976980839,9.236372368,9.021852255,0.109760305,18.36298443,0.965819997,11.15054793,10.89447439,0.381125757,21.91997011,0.988116514,189.3887241
Dytiscidae,159.2,164,4196,D2018.cr,henaodiaz_etal_trees-master//phylo_D2018.cr_.txt,775.2580196,0.230038644,0.190410678,0.039627966,0.420449322,0.827733438,0.134634509,0.106079521,0.012905735,0.256363283,0.705861499,0.385675201,0.31239416,0.113441926,0.657908477,0.904142446,8008.710194
Cichlidae,64.9,89,1404,F2017.tr.pr,henaodiaz_etal_trees-master//phylo_F2017.tr.pr_.txt,301.0591615,1.773084432,1.71582655,0.057257882,3.488910981,0.967707188,1.085380223,1.038608055,0.009770901,2.160989544,0.925360998,2.85228082,2.733419846,0.212891393,5.491670246,0.990997716,1037.494084
Ceanothus,51.1,51,64,G2011b.tr,henaodiaz_etal_trees-master//phylo_G2011b.tr_.txt,165.2578239,0.122782177,0.035226191,0.087555985,0.158008368,0.286899876,0.046753014,0.00146349,0.005153134,0.088352894,0.016843141,0.402429566,0.192670463,0.395651389,0.409207744,0.889779637,525.7347872
Scolytinae,112.6,651,6000,G2017.pr,henaodiaz_etal_trees-master//phylo_G2017.pr_.txt,2804.567461,0.193757212,0.139513421,0.054243792,0.333270633,0.720042465,0.146309928,0.102622252,0.030007001,0.262612854,0.641426749,0.258517841,0.187925922,0.092697583,0.424338099,0.794907963,18663.66264
Pinnipedia,43.4,34,34,H2007,henaodiaz_etal_trees-master//phylo_H2007_.txt,108.1733966,0.166397806,0.122594355,0.04380345,0.288992161,0.73675464,0.038908972,7.60884331003138e-05,-0.05465124,0.084708182,0.000899049,0.671275625,0.363265187,0.670672115,0.671879135,1.177086098,319.8
Cracidae,23.3,47,50,H2016.tr.pr,henaodiaz_etal_trees-master//phylo_H2016.tr.pr_.txt,117.6417495,0.25927089,0.116999144,0.142271746,0.376270034,0.451262168,0.087953496,0.000647674,0.002258067,0.173648925,0.003743753,0.893181921,0.44243384,0.889838069,0.896525774,0.974326577,228.5196588
Ctenitis,26,36,53,H2017.tr.pr,henaodiaz_etal_trees-master//phylo_H2017.tr.pr_.txt,96.97958896,0.368733383,0.29808513,0.070648253,0.666818513,0.808402884,0.090242406,0.006542044,-0.072199231,0.189132435,0.035829069,1.52445183,0.825635376,1.469832141,1.57907152,1.09582661,227.669608
Quercus,50.2,150,207,HI2017.tr.cr.pr,henaodiaz_etal_trees-master//phylo_HI2017.tr.cr.pr_.txt,522.681394,0.092545714,5.896099593927e-07,0.092545125,0.092546304,6.37101311913482e-06,0.073986306,5.29865232879858e-07,0.064803953,0.083168659,6.371013e-06,0.115535699,0.012755963,0.115534962,0.115536435,0.124108817,1954.575929
Sebastes,8,99,107,I2011,henaodiaz_etal_trees-master//phylo_I2011_.txt,196.1323536,0.373649905,3.81933383426562e-06,0.373646086,0.373653725,1.02216908904311e-05,0.236526649,3.16914243326634e-06,0.163009183,0.310044115,1.022169e-05,0.600942812,0.142496639,0.600936669,0.600948955,0.310821068,271.1167289
Anolis,81.2,216,415,I2016.pr,henaodiaz_etal_trees-master//phylo_I2016.pr_.txt,918.8739633,0.048493965,2.71960987007237e-07,0.048493693,0.048494237,5.60814089652012e-06,0.037839763,2.37646546693238e-07,0.033304008,0.042375518,5.608141e-06,0.059960407,0.006418028,0.05996007,0.059960743,0.119867429,6237.995717
Heliconia,38.7,169,194,IL2017.tr.cr.pr,henaodiaz_etal_trees-master//phylo_IL2017.tr.cr.pr_.txt,576.5216311,0.091932915,4.47763151674355e-16,0.091932915,0.091932915,4.87054231322684e-15,0.069189968,3.79977466693079e-16,0.060364498,0.078015438,4.870542e-15,0.115374498,0.013051701,0.115374498,0.115374498,0.127554186,1974.541964
Cathartidae,6.1,7,7,J2016.tr.cr.pr,henaodiaz_etal_trees-master//phylo_J2016.tr.cr.pr_.txt,13.42705271,0.185368315,1.40739143558774e-16,0.185368315,0.185368315,7.59240561620672e-16,0.016549337,4.60347806513419e-17,-0.979114077,0.060632665,7.592406e-16,2.1561094,1.567611738,2.1561094,2.1561094,2.663751855,26.97332608
Amnirana,36.7,11,12,J2018.cr.pr,henaodiaz_etal_trees-master//phylo_J2018.cr.pr_.txt,34.60050144,0.039903835,5.17106679297526e-17,0.039903835,0.039903835,1.2958821574534e-15,0.00670617,2.06235017193579e-17,-0.035612498,0.015914645,1.295882e-15,0.226495321,0.13105391,0.226495321,0.226495321,1.373134658,226.9251688
Corvides,30.1,667,780,JO2016.tr.pr,henaodiaz_etal_trees-master//phylo_JO2016.tr.pr_.txt,1964.80545,0.152731827,6.35367519875526e-16,0.152731827,0.152731827,4.16002041978496e-15,0.128752458,5.94449622699797e-16,0.11460906,0.142895857,4.16002e-15,0.182484519,0.018061764,0.182484519,0.182484519,0.109849541,4724.770434
Coniferophyta; Pinidae,328.2,489,629,L2012.pr,henaodiaz_etal_trees-master//phylo_L2012.pr_.txt,1792.858208,0.201885883,0.195004689,0.006881194,0.396890572,0.96591543,0.164255243,0.15793387,0.000869809,0.327640677,0.930627785,0.246237717,0.23706566,0.017082056,0.475393378,0.994704529,10031.57356
Rhododendron section Vireya,55,65,200,L2013,henaodiaz_etal_trees-master//phylo_L2013_.txt,220.0441167,0.462318234,0.432124529,0.030193705,0.894442763,0.934690646,0.234217166,0.207078083,-0.011647169,0.471846781,0.782109382,0.903692881,0.811063365,0.196906201,1.610479562,1.014569593,834.5011445
Agama,23.2,42,45,L2014.pr,henaodiaz_etal_trees-master//phylo_L2014.pr_.txt,125.7738682,0.121378154,8.67202876561215e-16,0.121378154,0.121378154,7.14463719258022e-15,0.051826854,6.30947924782288e-16,0.015343004,0.088310704,7.144637e-15,0.341859337,0.141232536,0.341859337,0.341859337,0.70395648,342.3608031
Odonata,236.1,521,1964,L2016.cr.pr,henaodiaz_etal_trees-master//phylo_L2016.cr.pr_.txt,2590.166886,0.040094179,0.012438994,0.027655185,0.052533173,0.31024439,0.024126766,0.003609526,0.012076854,0.036176678,0.110833325,0.064778882,0.023968317,0.057599223,0.071958541,0.499441659,29076.55617
Lobelioidae,5,145,550,L2017.tr.pr,henaodiaz_etal_trees-master//phylo_L2017.tr.pr_.txt,193.8288923,1.517937559,0.451228839,1.06670872,1.969166398,0.297264427,0.7870846,0.050356783,0.277023928,1.297145273,0.040389195,3.649089262,1.492840957,3.501705485,3.796473038,0.648037926,212.3668979
Phymatinae,77.6,28,29,M2017.pr,henaodiaz_etal_trees-master//phylo_M2017.pr_.txt,110.2083816,0.050807843,0.022473084,0.028334759,0.073280928,0.442315259,0.014015395,0.002110623,-0.014483357,0.029957056,0.075795098,0.209373958,0.119863418,0.193504438,0.225243478,1.137439258,670.066438
Balistidaea,18.6,32,42,MC2016a.cr.pr,henaodiaz_etal_trees-master//phylo_MC2016a.cr.pr_.txt,89.56822382,0.170236016,0.024497885,0.145738131,0.1947339,0.143905417,0.07692924,0.002083408,0.004181028,0.149677452,0.0141158,0.734520379,0.362040654,0.724152036,0.744888721,0.945650989,218.6137839
Monacanthidae,33.2,48,109,MC2016b.cr.pr,henaodiaz_etal_trees-master//phylo_MC2016b.cr.pr_.txt,154.7742145,0.22527129,0.136776249,0.088495041,0.36204754,0.607162363,0.062579919,8.96887276953797e-05,0.003904779,0.12125506,0.000740217,0.815359849,0.394843454,0.814756305,0.815963392,0.937603323,489.6868005
Spermacoceae,36.8,365,1346,N2017a.tr.pr,henaodiaz_etal_trees-master//phylo_N2017a.tr.pr_.txt,978.0251871,1.00010195,0.892769977,0.107331974,1.892871927,0.892678968,0.746661564,0.658569238,0.046341394,1.446981734,0.835310501,1.32936827,1.180832898,0.218932994,2.439803545,0.937935209,2046.134678
Cephalotes,42.6,116,118,P2016,henaodiaz_etal_trees-master//phylo_P2016_.txt,394.438828,0.085845816,0.00379502,0.082050796,0.089640836,0.044207394,0.044059873,0.000142355,0.017187691,0.070932056,0.002010952,0.207701532,0.07884471,0.207283854,0.20811921,0.609901491,1363.776863
Testudinata,315.8,294,335,P2017,henaodiaz_etal_trees-master//phylo_P2017_.txt,1298.13401,0.042020752,0.015631091,0.026389661,0.057651843,0.371985043,0.02224845,1.10037589981724e-05,0.011484272,0.033012628,0.000333431,0.074973529,0.024454203,0.07494853,0.074998527,0.483816989,9196.924254
Squamata,174.1,4161,9400,PB2014.cr.pr,henaodiaz_etal_trees-master//phylo_PB2014.cr.pr_.txt,16861.43261,0.067528471,1.01092908373064e-14,0.067528471,0.067528471,1.49704128603168e-13,0.063594929,9.85640443972737e-15,0.061350616,0.065839242,1.497041e-13,0.071824344,0.002448332,0.071824344,0.071824344,0.035290754,91758.06845
Caniformia,23,34,174,pg1646.pr,henaodiaz_etal_trees-master//phylo_pg1646.pr_.txt,93.73235507,0.762577981,0.621805293,0.140772688,1.384383274,0.81539896,0.204885417,0.079104606,0.000971957,0.408798878,0.239933212,2.674186158,1.653964292,2.032560083,3.315812232,0.995256095,220.3
Furnariidae,32.6,278,287,pg1953.pr,henaodiaz_etal_trees-master//phylo_pg1953.pr_.txt,817.3713583,0.142907183,3.27035453405371e-16,0.142907183,0.142907183,2.28844656982445e-15,0.109121217,2.95037871450621e-16,0.089317503,0.128924931,2.288447e-15,0.190756116,0.029301389,0.190756116,0.190756116,0.181483626,1965.231569
Scolopacidae,31.4,6,79,pg2371,henaodiaz_etal_trees-master//phylo_pg2371_.txt,17.21078008,0.438429657,0.393599399,0.044830258,0.832029056,0.897748118,0.053001006,0.008649731,-0.688911733,0.118524277,0.078723699,6.044742157,3.604759175,5.568877697,6.520606617,1.23626467,108.9526254
Passeriformes,21,191,6263,pg2575,henaodiaz_etal_trees-master//phylo_pg2575_.txt,495.0977354,0.713447619,0.245293185,0.468154434,0.958740804,0.343813868,0.293592924,4.2323709834287e-06,0.101242435,0.485943413,8.70967222014004e-06,1.918031359,0.759219022,1.918014653,1.918048064,0.655160507,1320.577259
Euteleostei,216.9,572,17419,pg2576.pr,henaodiaz_etal_trees-master//phylo_pg2576.pr_.txt,2628.797519,0.505601434,0.46632437,0.039277065,0.971925804,0.922316153,0.423901234,0.390029071,0.024847619,0.82295485,0.900914406,0.623813105,0.575005895,0.061810892,1.185815317,0.941383472,21751.07569
Otophysi,349.8,95,6842,pg2659,henaodiaz_etal_trees-master//phylo_pg2659_.txt,509.5862452,0.283208809,0.26067641,0.022532399,0.54388522,0.920438919,0.151352049,0.134445627,0.005227262,0.297476835,0.824661901,0.527423913,0.472729776,0.092477506,0.96237032,0.965462892,9249.723823
Lupinus,12.3,120,159,pg2689.pr,henaodiaz_etal_trees-master//phylo_pg2689.pr_.txt,216.641904,0.74496337,0.441003479,0.303959892,1.185966849,0.591980084,0.312383883,0.06925048,0.04561671,0.579151057,0.135811732,1.749879959,0.91549324,1.512225731,1.987534187,0.853972269,276.6046433
Columbidae,47.3,55,244,pg2850,henaodiaz_etal_trees-master//phylo_pg2850_.txt,184.4392533,0.436918527,0.368883373,0.068035155,0.8058019,0.844284116,0.177651919,0.120515431,0.004240627,0.351063211,0.522735159,1.034129652,0.777842054,0.493553724,1.574705579,0.976129576,636.1489311
Trochilidae,22.5,293,338,pg2853,henaodiaz_etal_trees-master//phylo_pg2853_.txt,764.7608445,0.210473566,2.66130433719819e-14,0.210473566,0.210473566,1.2644363782417e-13,0.14816057,2.37983987735742e-14,0.10810759,0.18821355,1.264436e-13,0.316737444,0.06740364,0.316737444,0.316737444,0.270334945,1487.856012
Temnothrorax,35,97,390,PRE2017.cr.pr,henaodiaz_etal_trees-master//phylo_PRE2017.cr.pr_.txt,348.5632271,0.111230462,3.63632144805126e-16,0.111230462,0.111230462,3.26917768318823e-15,0.077446918,3.09248393531531e-16,0.060298682,0.094595153,3.269178e-15,0.162681464,0.029490941,0.162681464,0.162681464,0.221419212,1687.384981
Psophiidae,2.7,8,11,R2011,henaodiaz_etal_trees-master//phylo_R2011_.txt,10.04867861,0.619179299,5.80218034931455e-16,0.619179299,0.619179299,9.37075958704311e-16,0.082176006,2.223923863927e-16,-1.746364399,0.23732588,9.37076e-16,5.679532698,3.712948549,5.679532698,5.679532698,1.888019157,12.01
Mormoopidae & Phyllostomidae,39.6,61,210,R2013,henaodiaz_etal_trees-master//phylo_R2013_.txt,215.5485422,0.113428842,1.20706230681544e-13,0.113428842,0.113428842,1.06415818943158e-12,0.072563482,1.10445892238544e-13,0.041339846,0.103787118,1.064158e-12,0.232162256,0.069844408,0.232162256,0.232162256,0.430294075,956.5429753
Phymaturus,17.5,37,47,R2018.tr.pr,henaodiaz_etal_trees-master//phylo_R2018.tr.pr_.txt,84.45399079,0.411285423,0.257050192,0.15423523,0.668335615,0.624992228,0.09974112,0.001035426,-0.058774735,0.206794758,0.005032219,1.653801093,0.860449059,1.645478804,1.662123382,1.073314978,146.4736021
Carnivora,48.9,138,288,S2012,henaodiaz_etal_trees-master//phylo_S2012_.txt,393.045968,0.429140372,0.337229593,0.091910779,0.766369966,0.785825839,0.243869471,0.165670751,0.018065402,0.46967354,0.544964577,0.74708841,0.554914656,0.339951691,1.15422513,0.92592184,923.3358882
Poaceae,57.8,3595,11000,S2014.cr,henaodiaz_etal_trees-master//phylo_S2014.cr_.txt,8766.291076,0.86681271,0.675347192,0.191465518,1.542159901,0.77911547,0.796313719,0.61594876,0.151960305,1.440667133,0.74685951,0.967234996,0.755701815,0.244846341,1.68962365,0.809170304,15258.03894
Galliformes,56.8,171,291,S2015.tr.pr,henaodiaz_etal_trees-master//phylo_S2015.tr.pr_.txt,594.1900938,0.130624765,0.045430392,0.085194373,0.176055157,0.3477931,0.055595955,3.01976677662954e-07,0.018698829,0.092493081,3.26486759537337e-06,0.302043564,0.120490913,0.302042578,0.30204455,0.663665655,2092.851649
Columbiformes,24.7,27,315,S2016.cr.pr,henaodiaz_etal_trees-master//phylo_S2016.cr.pr_.txt,90.52260602,0.221846412,0.070589525,0.151256888,0.292435937,0.318190968,0.106421798,0.014450806,0.009875905,0.202967691,0.076655233,1.428629217,0.731649492,1.319117312,1.538141122,0.907200353,388.441501
Elasmobranchii,291.3,585,926,S2018.01.tr.pr,henaodiaz_etal_trees-master//phylo_S2018.01.tr.pr_.txt,2884.323014,0.025891036,0.003340277,0.022550759,0.029231314,0.129012891,0.018395577,0.000405413,0.014032673,0.022758481,0.018136778,0.034016035,0.006639299,0.033399094,0.034632976,0.237171372,30328.4523
Chimaeriformes,187.7,25,47,S2018.02.tr.pr,henaodiaz_etal_trees-master//phylo_S2018.02.tr.pr_.txt,117.767276,0.039610194,0.028651961,0.010958234,0.068262155,0.723348149,0.007744106,0.000170884,-0.010478723,0.016351179,0.010561245,0.196472285,0.104513,0.194397293,0.198547277,1.111435141,1434.934141
Brassicaceae,38.8,222,831,SA2016.tr.pr,henaodiaz_etal_trees-master//phylo_SA2016.tr.pr_.txt,749.7538589,0.14670637,2.49450748340567e-15,0.14670637,0.14670637,1.70034027234259e-14,0.116518897,2.29850560937992e-15,0.097858618,0.135179176,1.70034e-14,0.191997752,0.026503577,0.191997752,0.191997752,0.160148093,2842.123103
Primates,65.1,233,501,SamplePrimates,henaodiaz_etal_trees-master//phylo_SamplePrimates_.txt,691.8977576,0.410153819,0.329782471,0.080371349,0.73993629,0.804045836,0.27046146,0.202240744,0.025042337,0.515880583,0.644818417,0.623919852,0.488209225,0.221604841,1.026234863,0.907408851,1748.230763
Ballenidae,35.9,87,91,SampleWhale.cr,henaodiaz_etal_trees-master//phylo_SampleWhale.cr_.txt,277.6413523,0.106144829,4.59856146741032e-15,0.106144829,0.106144829,4.33234620757805e-14,0.05101105,3.49958128934321e-15,0.021244127,0.080777973,4.332346e-14,0.24790505,0.091353747,0.24790505,0.24790505,0.583538718,820.2772662
Salmonidae,42.2,28,176,SH2012.tr,henaodiaz_etal_trees-master//phylo_SH2012.tr_.txt,90.15732559,0.751545183,0.705611355,0.045933829,1.457156538,0.938880816,0.256725536,0.208511811,-0.050555395,0.522063146,0.665000553,1.840638051,1.557609384,0.616612729,3.064663374,1.033545842,315.9328693
Chiroptera,57.7,812,1200,SH2015.cr,henaodiaz_etal_trees-master//phylo_SH2015.cr_.txt,3064.90157,0.073438775,2.77421104887685e-16,0.073438775,0.073438775,3.77758350287144e-15,0.065581811,2.59410739531032e-16,0.062492551,0.068671071,3.777584e-15,0.080524957,0.003622523,0.080524957,0.080524957,0.047105441,13546.64989
Pectinidae,237.6,92,300,SH2016.pr,henaodiaz_etal_trees-master//phylo_SH2016.pr_.txt,443.6610357,0.065612994,0.046468664,0.019144331,0.112081658,0.708223487,0.036050237,0.021606588,0.003668421,0.068432053,0.461428146,0.137091679,0.094804771,0.07383372,0.200349638,0.898241418,4580.055442
Aedes,100.9,247,929,SO2017.pr,henaodiaz_etal_trees-master//phylo_SO2017.pr_.txt,1013.115607,0.069830035,4.07405891949112e-16,0.069830035,0.069830035,5.83425016344424e-15,0.056780211,3.71982060539425e-16,0.049802089,0.063758334,5.83425e-15,0.086300729,0.009445308,0.086300729,0.086300729,0.122897091,6650.216867
Astacoidea & Parastacoidea,262,466,665,ST2017.cr,henaodiaz_etal_trees-master//phylo_ST2017.cr_.txt,2126.245196,0.044282206,0.020020896,0.02426131,0.064303102,0.45212057,0.030699813,0.010325152,0.012796803,0.048602822,0.269743474,0.065573243,0.030669536,0.047885289,0.083261198,0.583163479,16728.85699
Pergidae,140.2,59,450,SW2014.pr,henaodiaz_etal_trees-master//phylo_SW2014.pr_.txt,286.6686067,0.041138546,0.006189046,0.0349495,0.047327592,0.150443968,0.019562952,1.98839152737827e-06,0.009015436,0.030110468,6.60409153505932e-05,0.086517543,0.030308577,0.086511829,0.086523257,0.539157688,3703.18611
Phoenicopteridae,4.4,6,6,T2014,henaodiaz_etal_trees-master//phylo_T2014_.txt,9.530149249,0.250941028,2.86288077544329e-16,0.250941028,0.250941028,1.14085799214028e-15,0.018953393,1.04794208414661e-16,-2.082583994,0.091855611,1.140858e-15,3.54589785,2.814240922,3.54589785,3.54589785,3.846394143,15.94
Myrtaceae,85,200,5950,T2015.tr.pr,henaodiaz_etal_trees-master//phylo_T2015.tr.pr_.txt,808.5639835,0.768982666,0.69890948,0.070073186,1.467892147,0.908875468,0.514299642,0.45875982,0.026194771,1.002404513,0.843859649,1.165779817,1.046681435,0.182025269,2.149534365,0.949067103,4507.980015
Guibourtia,17.9,17,17,T2017.cr.pr,henaodiaz_etal_trees-master//phylo_T2017.cr.pr_.txt,45.49124665,0.087888711,7.17315286264986e-17,0.087888711,0.087888711,8.16163168753236e-16,0.032806776,5.05941703290087e-17,0.00362329,0.061990262,8.161632e-16,0.285666756,0.134484862,0.285666756,0.285666756,0.889556664,161.3913527
Cetartiodactyla,74.8,182,339,T2018.tr.pr,henaodiaz_etal_trees-master//phylo_T2018.tr.pr_.txt,595.1398225,0.240709195,0.17313835,0.067570845,0.413847545,0.719284321,0.139171803,0.083504206,0.017763964,0.260579642,0.471574195,0.411863645,0.28238516,0.217639378,0.606087912,0.872359463,1836.894507
Pradosia,34.4,21,26,TA2015.pr,henaodiaz_etal_trees-master//phylo_TA2015.pr_.txt,65.56781612,0.156649282,0.115584543,0.041064739,0.272233825,0.737855555,0.029783914,0.000589126,-0.099961877,0.067870562,0.008756151,0.810043843,0.458549293,0.802950977,0.817136709,1.278765713,229.1395388
Anemiaceae,141.4,23,100,TE2016.01.tr.cr.pr,henaodiaz_etal_trees-master//phylo_TE2016.01.tr.cr.pr_.txt,96.36541297,0.174608785,0.163048345,0.01156044,0.33765713,0.933792332,0.05415143,0.037913632,-0.033263861,0.112708617,0.50690072,0.564709007,0.442112135,0.278457605,0.85096041,1.081359916,793.9897912
Aspleniaceae,129.4,249,700,TE2016.02.tr.cr.pr,henaodiaz_etal_trees-master//phylo_TE2016.02.tr.cr.pr_.txt,973.7321253,0.204686503,0.169729899,0.034956604,0.374416401,0.829218812,0.137054657,0.108460936,0.011774038,0.262335276,0.704866939,0.303779459,0.247329597,0.089655362,0.517903556,0.914092394,4781.407842
Athyriaceae,83.3,197,600,TE2016.03.tr.cr.pr,henaodiaz_etal_trees-master//phylo_TE2016.03.tr.cr.pr_.txt,587.4375339,0.594930154,0.520222195,0.074707959,1.115152349,0.874425664,0.390036631,0.326944927,0.019661771,0.760411491,0.754256394,0.904105431,0.772511539,0.222178129,1.586032733,0.949589936,1506.627842
Blechnaceae,59.5,138,200,TE2016.04.tr.cr.pr,henaodiaz_etal_trees-master//phylo_TE2016.04.tr.cr.pr_.txt,450.8584957,0.260399779,0.221583773,0.038816006,0.481983552,0.85093687,0.152111642,0.11855677,0.005333203,0.298890082,0.657431337,0.444710143,0.361962303,0.152343759,0.737076527,0.964938893,1502.087384
Cibotiaceae,25.2,9,11,TE2016.05.tr.cr.pr,henaodiaz_etal_trees-master//phylo_TE2016.05.tr.cr.pr_.txt,22.59521346,0.252151688,0.249630171,0.002521517,0.50178186,0.99,0.019873365,0.0012612,-1.017849919,0.064457362,0.019956905,2.603098349,1.836449028,2.551148561,2.655048137,2.243404625,84.68247578
Cyatheaceae,99.4,120,600,TE2016.07.tr.cr.pr,henaodiaz_etal_trees-master//phylo_TE2016.07.tr.cr.pr_.txt,406.3393794,0.923657503,0.906484201,0.017173303,1.830141704,0.981407283,0.61369828,0.597615126,-0.006271847,1.230466835,0.944320948,1.292766246,1.25991217,0.071979999,2.513552494,1.005002908,1631.133863
Cystopteridaceae,77.4,31,64,TE2016.08.tr.cr.pr,henaodiaz_etal_trees-master//phylo_TE2016.08.tr.cr.pr_.txt,99.80132931,0.395829538,0.391871243,0.003958295,0.787700781,0.99,0.159936748,0.152142163,-0.121472767,0.342563324,0.798977187,1.01944294,0.97771368,0.204931287,1.833954592,1.141867511,427.2904422
Davalliaceae,59.4,13,65,TE2016.09.tr.cr.pr,henaodiaz_etal_trees-master//phylo_TE2016.09.tr.cr.pr_.txt,47.8433737,0.221913764,0.198481631,0.023432132,0.420395395,0.894408837,0.02984828,0.001537875,-0.112412695,0.06384846,0.024680798,1.687059142,0.920554901,1.645421176,1.728697108,1.139100141,316.4750819
Dennstaedtiaceae,154.6,35,170,TE2016.10.tr.cr.pr,henaodiaz_etal_trees-master//phylo_TE2016.10.tr.cr.pr_.txt,153.965014,0.188061719,0.174924573,0.013137146,0.362986292,0.930144495,0.066831716,0.053016301,-0.012220777,0.135681294,0.641339196,0.500643928,0.41697364,0.179561354,0.821726502,1.030193181,1333.924198
Dicksoniaceae,108.5,13,30,TE2016.11.tr.cr.pr,henaodiaz_etal_trees-master//phylo_TE2016.11.tr.cr.pr_.txt,41.11295723,0.385858431,0.381999847,0.003858584,0.767858278,0.99,0.125126656,0.1353262,-0.338589177,0.279440027,0.939023012,1.671835377,1.790158223,0.101943485,3.241727268,1.233257369,363.739823
Diplaziopsidaceae,76.9,4,4,TE2016.12.tr.cr.pr,henaodiaz_etal_trees-master//phylo_TE2016.12.tr.cr.pr_.txt,11.44439849,0.008949047,0.000215724,0.008733323,0.009164772,0.024105852,0.000270481,1.72150064772853e-05,-0.159466221,0.001634479,0.010644526,0.235843694,0.19891018,0.23333325,0.238354139,5.042855378,224.6382545
Dipteridaceae,48.6,5,11,TE2016.13.tr.cr.pr,henaodiaz_etal_trees-master//phylo_TE2016.13.tr.cr.pr_.txt,13.78046038,0.089614024,0.088717884,0.00089614,0.178331907,0.99,0.003257277,0.001542534,-1.347110068,0.01720065,0.098513382,1.97389269,1.757728801,1.779437846,2.168347534,4.280683419,127.1677011
Dryopteridaceae,139.1,742,1700,TE2016.14.tr.cr.pr,henaodiaz_etal_trees-master//phylo_TE2016.14.tr.cr.pr_.txt,2393.000303,0.429119981,0.389469338,0.039650643,0.818589319,0.9076001,0.35534674,0.320139135,0.020617994,0.690075486,0.865389773,0.518050054,0.468746163,0.069734835,0.966365273,0.941977815,7590.494104
Equisetaceae,151,15,15,TE2016.15.tr.cr.pr,henaodiaz_etal_trees-master//phylo_TE2016.15.tr.cr.pr_.txt,65.22155632,0.025301526,0.017074411,0.008227115,0.042375937,0.674837214,0.007542471,0.006694317,-0.038894496,0.019898138,0.506998435,0.106697524,0.099843749,0.052602046,0.160793002,1.638145568,745.1784966
Gleicheniaceae,120.4,32,125,TE2016.16.tr.cr.pr,henaodiaz_etal_trees-master//phylo_TE2016.16.tr.cr.pr_.txt,127.9752324,0.326745687,0.322463661,0.004282026,0.649209349,0.986894926,0.141819412,0.13578343,-0.037357925,0.291434681,0.872356813,0.745884368,0.716959802,0.095207058,1.396561678,1.054970309,977.7807871
Hymenophyllaceae,242.9,208,600,TE2016.17.tr.cr.pr,henaodiaz_etal_trees-master//phylo_TE2016.17.tr.cr.pr_.txt,964.5238201,0.09752676,0.080532352,0.016994408,0.178059112,0.825746209,0.063493235,0.049639802,0.005290519,0.121695951,0.68890446,0.148947399,0.120310942,0.046336871,0.251557926,0.916675865,8342.804068
Hypodematiaceae,93.9,5,20,TE2016.18.tr.cr.pr,henaodiaz_etal_trees-master//phylo_TE2016.18.tr.cr.pr_.txt,15.63007719,0.091274722,0.090361975,0.000912747,0.181636698,0.99,0.003251895,0.000598341,-1.265849462,0.012030442,0.052338716,2.618460202,2.010678254,2.481413357,2.755507047,2.699517358,243.2313562
Lindsaeaceae,182.3,166,200,TE2016.19.tr.cr.pr,henaodiaz_etal_trees-master//phylo_TE2016.19.tr.cr.pr_.txt,576.8444549,0.236377546,0.229579212,0.006798334,0.465956758,0.971239512,0.16063371,0.154444848,-0.008701778,0.32564377,0.902136802,0.340405766,0.328100057,0.033313197,0.647498336,1.027244284,2810.630529
Lomariopsidaceae,95.2,32,40,TE2016.20.tr.cr.pr,henaodiaz_etal_trees-master//phylo_TE2016.20.tr.cr.pr_.txt,121.6477605,0.104307769,0.090310672,0.013997097,0.194618441,0.865809643,0.023865554,0.004321314,-0.038179601,0.051916215,0.090793633,0.434195398,0.255898588,0.394773221,0.473617576,1.175361834,690.5178972
Lygodiaceae,72.7,19,25,TE2016.23.tr.cr.pr,henaodiaz_etal_trees-master//phylo_TE2016.23.tr.cr.pr_.txt,75.26619153,0.037648587,1.9989177975479e-15,0.037648587,0.037648587,5.30940993230456e-14,0.00998472,1.11511522071026e-15,-0.010101542,0.02100262,5.30941e-14,0.205345575,0.107723559,0.205345575,0.205345575,1.103476069,526.5763871
Marattiaceae,162,79,150,TE2016.24.tr.cr.pr,henaodiaz_etal_trees-master//phylo_TE2016.24.tr.cr.pr_.txt,287.0806618,0.318070703,0.314889996,0.003180707,0.632960698,0.99,0.18699255,0.18318241,-0.021665541,0.381899752,0.921823979,0.543968211,0.533538346,0.04252527,1.045411151,1.042326025,1682.976478
Marsileaceae,127.7,46,75,TE2016.25.tr.cr.pr,henaodiaz_etal_trees-master//phylo_TE2016.25.tr.cr.pr_.txt,148.528003,0.460192015,0.455590095,0.00460192,0.915782111,0.99,0.241692277,0.244245252,-0.070607474,0.501561433,0.949202848,0.999536033,1.009452978,0.050773583,1.948298483,1.075206702,852.226934
Matoniaceae,122.6,4,4,TE2016.26.tr.cr.pr,henaodiaz_etal_trees-master//phylo_TE2016.26.tr.cr.pr_.txt,11.65527734,0.011717132,0.011599961,0.000117171,0.023317093,0.99,0.000178355,7.84425846382811e-05,-0.593486251,0.003037849,0.026506185,0.655082432,0.63296621,0.637718696,0.672446168,16.03259572,296.2400685
Nephrolepidaceae,61.6,21,21,TE2016.28.tr.cr.pr,henaodiaz_etal_trees-master//phylo_TE2016.28.tr.cr.pr_.txt,74.95518923,0.108177587,0.099962442,0.008215146,0.208140029,0.92405871,0.018024709,0.001682799,-0.096308817,0.042619764,0.041107071,0.600058208,0.36051683,0.575391573,0.624724843,1.364518908,412.279406
Oleandraceae,14.1,4,35,TE2016.29.tr.cr.pr,henaodiaz_etal_trees-master//phylo_TE2016.29.tr.cr.pr_.txt,7.907104023,0.61787301,0.61169428,0.00617873,1.229567289,0.99,0.01138191,0.000618743,-7.056087145,0.039456036,0.015931668,16.41719285,11.86741663,16.15563958,16.67874611,2.466556629,39.49479113
Onocleaceae,69.2,5,5,TE2016.30.tr.cr.pr,henaodiaz_etal_trees-master//phylo_TE2016.30.tr.cr.pr_.txt,16.35038624,0.011677063,9.80327507798273e-17,0.011677063,0.011677063,8.39532577781249e-15,0.00084479,4.07687431192106e-17,-0.11447463,0.004856124,8.395326e-15,0.175555097,0.145014863,0.175555097,0.175555097,4.748322008,256.9139071
Ophioglossaceae,205.3,63,80,TE2016.31.tr.cr.pr,henaodiaz_etal_trees-master//phylo_TE2016.31.tr.cr.pr_.txt,239.7484277,0.218723494,0.216536259,0.002187235,0.435259753,0.99,0.122227089,0.122005903,-0.024281397,0.252055583,0.938148435,0.415421648,0.414715107,0.025694479,0.805148818,1.06219083,2068.579618
Osmundaceae,203.7,17,20,TE2016.32.tr.cr.pr,henaodiaz_etal_trees-master//phylo_TE2016.32.tr.cr.pr_.txt,65.05346021,0.102438396,0.101414012,0.001024384,0.203852407,0.99,0.033707828,0.037988379,-0.133419392,0.083363179,0.837213144,0.379612461,0.415424197,0.061795919,0.697429002,1.47311035,715.6529935
Plagiogyriaceae,48.5,9,15,TE2016.33.tr.cr.pr,henaodiaz_etal_trees-master//phylo_TE2016.33.tr.cr.pr_.txt,28.23942563,0.143050354,0.141619851,0.001430504,0.284670205,0.99,0.012643381,0.002280228,-0.473765497,0.037118438,0.065451932,1.394996203,0.980033449,1.303691006,1.4863014,1.935799899,171.04687
Polypodiaceae,91,719,1500,TE2016.34.tr.cr.pr,henaodiaz_etal_trees-master//phylo_TE2016.34.tr.cr.pr_.txt,2472.157714,0.202464654,0.126531788,0.075932867,0.328996442,0.624957418,0.149193321,0.085316473,0.040074445,0.258312197,0.493170988,0.278520536,0.175679762,0.141162288,0.415878784,0.731392498,8313.775958
Psilotaceae,66.3,8,12,TE2016.35.tr.cr.pr,henaodiaz_etal_trees-master//phylo_TE2016.35.tr.cr.pr_.txt,26.11023471,0.102677567,0.101650792,0.001026776,0.204328359,0.99,0.007423058,0.002283361,-0.616003783,0.024297575,0.103722118,1.434787978,1.099805505,1.285968729,1.583607227,2.273256698,214.9157257
Pteridaceae,184.5,595,950,TE2016.36.tr.cr.pr,henaodiaz_etal_trees-master//phylo_TE2016.36.tr.cr.pr_.txt,2294.964523,0.146194711,0.118745691,0.02744902,0.264940403,0.812243412,0.112925153,0.08886406,0.014100685,0.211749621,0.723144847,0.190548014,0.153238557,0.0527542,0.328341828,0.875132465,11060.67324
Rhachidosoraceae,29,4,7,TE2016.37.tr.cr.pr,henaodiaz_etal_trees-master//phylo_TE2016.37.tr.cr.pr_.txt,8.212182199,0.126322228,0.125059006,0.001263222,0.251381233,0.99,0.002046297,0.004395185,-7.066728626,0.025236598,0.210887084,6.965597212,7.75064016,5.49664273,8.434551693,11.33281101,63.18164923
Saccolomataceae,35.3,4,12,TE2016.38.tr.cr.pr,henaodiaz_etal_trees-master//phylo_TE2016.38.tr.cr.pr_.txt,9.905915077,0.036200747,7.24086911680007e-17,0.036200747,0.036200747,2.00019883710886e-15,0.002594535,2.06831436128491e-17,-0.29830226,0.010340543,2.000199e-15,0.598781588,0.448541924,0.598781588,0.598781588,2.985509371,127.7366389
Salviniaceae,92.6,15,16,TE2016.39.tr.cr.pr,henaodiaz_etal_trees-master//phylo_TE2016.39.tr.cr.pr_.txt,55.40635376,0.107444563,0.106370117,0.001074446,0.21381468,0.99,0.018920349,0.013217474,-0.186579993,0.047532843,0.385176499,0.66059281,0.550808814,0.406147984,0.915037636,1.512260376,456.4438755
Schizaeaceae,135.7,10,30,TE2016.40.tr.cr.pr,henaodiaz_etal_trees-master//phylo_TE2016.40.tr.cr.pr_.txt,43.8017786,0.019409671,9.57602270937891e-17,0.019409671,0.019409671,4.93363479518535e-15,0.005066467,5.26859009816585e-17,-0.007701938,0.010678922,4.933635e-15,0.150641696,0.079171817,0.150641696,0.150641696,1.107764805,772.7543182
Tectariaceae,141.9,99,230,TE2016.41.tr.cr.pr,henaodiaz_etal_trees-master//phylo_TE2016.41.tr.cr.pr_.txt,393.8225307,0.137964926,0.101895754,0.036069172,0.23986068,0.738562741,0.066592561,0.035254656,0.005470825,0.127714297,0.381297787,0.291950701,0.192998086,0.180630544,0.403270857,0.917846303,2025.196194
Thelypteridaceae,103.7,183,950,TE2016.42.tr.cr.pr,henaodiaz_etal_trees-master//phylo_TE2016.42.tr.cr.pr_.txt,619.9729381,0.712856547,0.669005938,0.043850609,1.381862485,0.938486069,0.486943335,0.449371766,0.010855364,0.963031305,0.874843609,1.030752005,0.955357766,0.129005201,1.932498809,0.977707131,2142.936712
Woodsiaceae,68.4,20,35,TE2016.43.tr.cr.pr,henaodiaz_etal_trees-master//phylo_TE2016.43.tr.cr.pr_.txt,75.38854528,0.066102505,0.019932389,0.046170116,0.086034894,0.30153757,0.025649901,0.004447322,-0.022619429,0.05445083,0.088940209,0.358946625,0.206745421,0.327021837,0.390871413,1.122847564,436.948357
Rhinantheae,30.8,49,528,UC2015.tr,henaodiaz_etal_trees-master//phylo_UC2015.tr_.txt,138.4765598,2.507615742,2.445022743,0.062592999,4.952638486,0.97503884,2.3010985,2.241942001,-0.026083882,4.61556885,0.944521672,4.630129732,4.514735745,0.256871856,9.003387608,1.005811073,349.9520249
Rhithrogena,21.6,25,25,V2016.tr.pr,henaodiaz_etal_trees-master//phylo_V2016.tr.pr_.txt,74.66718826,0.105779398,5.16559341187208e-16,0.105779398,0.105779398,4.88336433891546e-15,0.03753131,3.32630121512609e-16,0.006947665,0.068114955,4.883364e-15,0.317476955,0.142547295,0.317476955,0.317476955,0.814883506,217.433641
Myrteae,40.8,115,2500,VA2017b.pr,henaodiaz_etal_trees-master//phylo_VA2017b.pr_.txt,358.8682711,0.163854845,1.46086472357572e-15,0.163854845,0.163854845,8.91560286233775e-15,0.099160961,1.35776197183032e-15,0.046031384,0.152290537,8.915603e-15,0.453164049,0.158095273,0.453164049,0.453164049,0.535791266,2043.395491
Vitis,28.3,48,60,W2013.pr,henaodiaz_etal_trees-master//phylo_W2013.pr_.txt,141.3224193,0.141283531,3.18781217848384e-15,0.141283531,0.141283531,2.25632255985476e-14,0.066246151,2.32985189962237e-15,0.029233508,0.103258793,2.256323e-14,0.319345943,0.114468094,0.319345943,0.319345943,0.558713857,371.0214844
Anisoptera,117.3,563,1033,WS2017.01.tr.pr,henaodiaz_etal_trees-master//phylo_WS2017.01.tr.pr_.txt,2435.74262,0.046094735,1.3145107923958e-15,0.046094735,0.046094735,2.85175910184042e-14,0.037981744,1.21960312953066e-15,0.033196791,0.042766697,2.851759e-14,0.056722047,0.006346348,0.056722047,0.056722047,0.125980345,16392.90446
Zygoptera,97.9,759,931,WS2017.02.tr.pr,henaodiaz_etal_trees-master//phylo_WS2017.02.tr.pr_.txt,3047.688999,0.053400203,1.36733186334149e-16,0.053400203,0.053400203,2.56053684757363e-15,0.043971376,1.26173768746594e-16,0.03866646,0.049276292,2.560537e-15,0.064854957,0.006982062,0.064854957,0.064854957,0.120644761,15709.57276